Link Name,Center of Mass X,Center of Mass Y,Center of Mass Z,Center of Mass Roll,Center of Mass Pitch,Center of Mass Yaw,Mass,Moment Ixx,Moment Ixy,Moment Ixz,Moment Iyy,Moment Iyz,Moment Izz,Visual X,Visual Y,Visual Z,Visual Roll,Visual Pitch,Visual Yaw,Mesh Filename,Color Red,Color Green,Color Blue,Color Alpha,Collision X,Collision Y,Collision Z,Collision Roll,Collision Pitch,Collision Yaw,Collision Mesh Filename,Material Name,SW Components,Coordinate System,Axis Name,Joint Name,Joint Type,Joint Origin X,Joint Origin Y,Joint Origin Z,Joint Origin Roll,Joint Origin Pitch,Joint Origin Yaw,Parent,Joint Axis X,Joint Axis Y,Joint Axis Z,Limit Effort,Limit Velocity,Limit Lower,Limit Upper,Calibration rising,Calibration falling,Dynamics Damping,Dynamics Friction,Safety Soft Upper,Safety Soft Lower,Safety K Position,Safety K Velocity
base_footprint,-1.48646497049023E-05,-0.0699504697089703,0.0336398375939533,0,0,0,0.663888543779534,0.0147565243588015,-2.23931009486062E-08,2.30754751654723E-10,0.00953829359596686,4.22087841491067E-10,0.0242929962596585,0,0,0,0,0,0,package://realbots29/meshes/base_footprint.STL,1,1,1,1,0,0,0,0,0,0,package://realbots29/meshes/base_footprint.STL,,无悬挂四轮四转底盘520x580-1/底盘底板-1,base_footprint,,,,0,0,0,0,0,0,,0,0,0,,,,,,,,,,,,
base_Link,-0.000556246756379108,-0.0420143028118891,0.103092216993187,0,0,0,30.8414587537086,0.289553810145328,-0.000423512179498631,-0.00105718893390604,0.434645083407322,-0.000816400342984657,0.607575916470218,0,0,0,0,0,0,package://realbots29/meshes/base_Link.STL,1,1,1,1,0,0,0,0,0,0,package://realbots29/meshes/base_Link.STL,,无悬挂四轮四转底盘520x580-1/装配体1-1/底盘组合-1/后板-1;无悬挂四轮四转底盘520x580-1/装配体1-1/底盘组合-1/铭牌-1;无悬挂四轮四转底盘520x580-1/装配体1-1/千兆网口TC6-1;无悬挂四轮四转底盘520x580-1/装配体1-1/941尾插小车端30a母端-1;无悬挂四轮四转底盘520x580-1/装配体1-1/typeC口TUC-1;无悬挂四轮四转底盘520x580-1/装配体1-1/22mm开关-1;无悬挂四轮四转底盘520x580-1/装配体1-1/底盘组合-1/上板1.0408-1;无悬挂四轮四转底盘520x580-1/装配体1-1/底盘组合-1/灯罩-1;无悬挂四轮四转底盘520x580-1/装配体1-1/底盘组合-1/电池右板-1;无悬挂四轮四转底盘520x580-1/装配体1-1/底盘组合-1/上板2-1;无悬挂四轮四转底盘520x580-1/装配体1-1/底盘组合-1/前板-1;无悬挂四轮四转底盘520x580-1/装配体1-1/底盘组合-1/实体11-1;上身-腿部-1/小腿转接组件-1/小腿转接件外壳-1;上身-腿部-1/小腿转接件-1;上身-腿部-1/小腿转接组件-1/小腿连接件1-1;上身-腿部-1/小腿转接组件-1/小腿连接件2-1;上身-腿部-1/小腿转接组件-1/小腿转接件外壳3-1;无悬挂四轮四转底盘520x580-1/装配体1-1/底盘380x420-1,base_link,base_joint,base_joint,fixed,0,0,0.0349999999999999,0,0,0,base_footprint,0,0,0,,,,,,,,,,,,
front_right_steer_link,0.0213387795579084,2.96962090215458E-05,0.024393959555002,0,0,0,1.73185064776854,0.00152914856037648,-6.86619853033334E-07,0.000360871182392569,0.00163947747960438,-2.07151735831446E-06,0.00101174562004097,0,0,0,0,0,0,package://realbots29/meshes/front_right_steer_link.STL,0.650980392156863,0.619607843137255,0.588235294117647,1,0,0,0,0,0,0,package://realbots29/meshes/front_right_steer_link.STL,,无悬挂四轮四转底盘520x580-1/60关节舵轮组件-15/轮毂电机固定件0325-1;无悬挂四轮四转底盘520x580-1/60关节舵轮组件-15/RMC15003-轴承外圈固定件（RB4010）-1;无悬挂四轮四转底盘520x580-1/60关节舵轮组件-15/RMC15002-关节输出轴-1;无悬挂四轮四转底盘520x580-1/60关节舵轮组件-15/RBH4010UUCC0P4-1;无悬挂四轮四转底盘520x580-1/60关节舵轮组件-15/WHJ30_model-1;无悬挂四轮四转底盘520x580-1/60关节舵轮组件-15/轮毂电机固定件配件-1,front_right_steer_link,front_right_steer_joint,front_right_steer_joint,continuous,-0.189748626504666,-0.279950691997449,0.118000000000001,-3.14159265358979,0,0,base_Link,0,0,-1,,,,,,,,,,,,
front_right_wheel_link,-1.34065810741824E-06,0,-0.0652137173264332,0,0,0,0.80746295324025,0.00106310840544939,1.04596652144724E-19,-5.65230070384631E-08,0.00106310245007344,-7.54851920687274E-20,0.00149275426647363,0,0,0,0,0,0,package://realbots29/meshes/front_right_wheel_link.STL,1,1,1,1,0,0,0,0,0,0,package://realbots29/meshes/front_right_wheel_link.STL,,无悬挂四轮四转底盘520x580-1/60关节舵轮组件-15/202017-UM8050NB0A2533F30-S-1,front_right_wheel_link,front_right_wheel_joint,front_right_wheel_joint,continuous,0.0582336403301727,0,0.0880000000000001,0,-1.5707963267949,0,front_right_steer_link,0,0,-1,,,,,,,,,,,,
front_left_steer_link,-0.0213387795579084,-2.96962090215458E-05,0.0243939595550022,0,0,0,1.73185064776854,0.00152914856037648,-6.86619853033876E-07,-0.00036087118239257,0.00163947747960439,2.07151735831473E-06,0.00101174562004097,0,0,0,0,0,0,package://realbots29/meshes/front_left_steer_link.STL,0.650980392156863,0.619607843137255,0.588235294117647,1,0,0,0,0,0,0,package://realbots29/meshes/front_left_steer_link.STL,,无悬挂四轮四转底盘520x580-1/60关节舵轮组件-14/轮毂电机固定件0325-1;无悬挂四轮四转底盘520x580-1/60关节舵轮组件-14/RMC15002-关节输出轴-1;无悬挂四轮四转底盘520x580-1/60关节舵轮组件-14/RMC15003-轴承外圈固定件（RB4010）-1;无悬挂四轮四转底盘520x580-1/60关节舵轮组件-14/RBH4010UUCC0P4-1;无悬挂四轮四转底盘520x580-1/60关节舵轮组件-14/WHJ30_model-1;无悬挂四轮四转底盘520x580-1/60关节舵轮组件-14/轮毂电机固定件配件-1,front_left_steer_link,front_left_steer_joint,front_left_steer_joint,continuous,0.189718654155679,-0.279950691997467,0.118,3.14159265358979,0,0,base_Link,0,0,-1,,,,,,,,,,,,
front_left_wheel_link,-1.34065810741824E-06,-5.55111512312578E-17,-0.0652137173264332,0,0,0,0.80746295324025,0.00106310840544939,2.78177109696134E-20,-5.65230070385464E-08,0.00106310245007344,-6.70004822212957E-20,0.00149275426647363,0,0,0,0,0,0,package://realbots29/meshes/front_left_wheel_link.STL,1,1,1,1,0,0,0,0,0,0,package://realbots29/meshes/front_left_wheel_link.STL,,无悬挂四轮四转底盘520x580-1/60关节舵轮组件-14/202017-UM8050NB0A2533F30-S-1,front_left_wheel_link,front_left_wheel_joint,front_left_wheel_joint,continuous,-0.0582336403301727,0,0.088,3.14159265358979,-1.5707963267949,0,front_left_steer_link,0,0,-1,,,,,,,,,,,,
rear_right_steer_link,0.0213387795579085,2.96962090216438E-05,0.0243939595550018,0,0,0,1.73185064776854,0.00152914856037648,-6.86619853033507E-07,0.00036087118239257,0.00163947747960439,-2.07151735831395E-06,0.00101174562004097,0,0,0,0,0,0,package://realbots29/meshes/rear_right_steer_link.STL,0.650980392156863,0.619607843137255,0.588235294117647,1,0,0,0,0,0,0,package://realbots29/meshes/rear_right_steer_link.STL,,无悬挂四轮四转底盘520x580-1/60关节舵轮组件-4/轮毂电机固定件0325-1;无悬挂四轮四转底盘520x580-1/60关节舵轮组件-4/RMC15002-关节输出轴-1;无悬挂四轮四转底盘520x580-1/60关节舵轮组件-4/RMC15003-轴承外圈固定件（RB4010）-1;无悬挂四轮四转底盘520x580-1/60关节舵轮组件-4/RBH4010UUCC0P4-1;无悬挂四轮四转底盘520x580-1/60关节舵轮组件-4/WHJ30_model-1;无悬挂四轮四转底盘520x580-1/60关节舵轮组件-4/轮毂电机固定件配件-1,rear_right_steer_link,rear_right_steer_joint,rear_right_steer_joint,continuous,-0.189748626504646,0.140049308002551,0.118000000000001,-3.14159265358979,0,0,base_Link,0,0,-1,,,,,,,,,,,,
rear_right_wheel_link,-1.34065810719619E-06,-3.46944695195361E-18,-0.0652137173264332,0,0,0,0.80746295324025,0.00106310840544939,1.26731333016474E-19,-5.65230070389091E-08,0.00106310245007343,-1.04873789770497E-20,0.00149275426647363,0,0,0,0,0,0,package://realbots29/meshes/rear_right_wheel_link.STL,1,1,1,1,0,0,0,0,0,0,package://realbots29/meshes/rear_right_wheel_link.STL,,无悬挂四轮四转底盘520x580-1/60关节舵轮组件-4/202017-UM8050NB0A2533F30-S-1,rear_right_wheel_link,rear_right_wheel_joint,rear_right_wheel_joint,continuous,0.0582336403301727,0,0.0879999999999997,0,-1.5707963267949,0,rear_right_steer_link,0,0,-1,,,,,,,,,,,,
rear_left_steer_link,-0.0213387795579085,-2.96962090216377E-05,0.0243939595550022,0,0,0,1.73185064776854,0.00152914856037648,-6.86619853033274E-07,-0.00036087118239257,0.00163947747960438,2.07151735831415E-06,0.00101174562004097,0,0,0,0,0,0,package://realbots29/meshes/rear_left_steer_link.STL,0.650980392156863,0.619607843137255,0.588235294117647,1,0,0,0,0,0,0,package://realbots29/meshes/rear_left_steer_link.STL,,无悬挂四轮四转底盘520x580-1/60关节舵轮组件-13/轮毂电机固定件0325-1;无悬挂四轮四转底盘520x580-1/60关节舵轮组件-13/RMC15002-关节输出轴-1;无悬挂四轮四转底盘520x580-1/60关节舵轮组件-13/RMC15003-轴承外圈固定件（RB4010）-1;无悬挂四轮四转底盘520x580-1/60关节舵轮组件-13/RBH4010UUCC0P4-1;无悬挂四轮四转底盘520x580-1/60关节舵轮组件-13/WHJ30_model-1;无悬挂四轮四转底盘520x580-1/60关节舵轮组件-13/轮毂电机固定件配件-1,rear_left_steer_link,rear_left_steer_joint,rear_left_steer_joint,continuous,0.189718654155699,0.140049308002533,0.118000000000001,3.14159265358979,0,0,base_Link,0,0,-1,,,,,,,,,,,,
rear_left_wheel_link,-1.34065810719619E-06,-8.67361737988404E-19,-0.0652137173264332,0,0,0,0.80746295324025,0.00106310840544939,1.25676849150886E-19,-5.65230070383568E-08,0.00106310245007344,-5.88398256597532E-20,0.00149275426647363,0,0,0,0,0,0,package://realbots29/meshes/rear_left_wheel_link.STL,1,1,1,1,0,0,0,0,0,0,package://realbots29/meshes/rear_left_wheel_link.STL,,无悬挂四轮四转底盘520x580-1/60关节舵轮组件-13/202017-UM8050NB0A2533F30-S-1,rear_left_wheel_link,rear_left_wheel_joint,rear_left_wheel_joint,continuous,-0.0582336403301727,0,0.088,3.14159265358979,-1.5707963267949,0,rear_left_steer_link,0,0,-1,,,,,,,,,,,,
front_rader_Link,8.51849305465169E-05,-2.17500256693981E-09,-0.00473354847517127,0,0,0,0.0557931576891544,2.19348177996402E-05,-2.43788719440577E-12,-2.85589783732701E-08,2.20784838201467E-05,3.98038595042492E-13,2.48219840387974E-05,0,0,0,0,0,0,package://realbots29/meshes/front_rader_Link.STL,1,1,1,1,0,0,0,0,0,0,package://realbots29/meshes/front_rader_Link.STL,,无悬挂四轮四转底盘520x580-1/激光雷达1LDS-50C-R_E-2D-3,front_radar_link,front_radar_joint,front_rader_joint,fixed,-0.190014943145759,-0.199950688906726,0.236500000000002,0,0,0,base_Link,0,0,0,,,,,,,,,,,,
rear_rader_Link,-8.51849438527064E-05,-0.0699999978318113,-0.00473354847613061,0,0,0,0.0557931576787275,2.19348177897481E-05,-2.44858522608721E-12,2.85589749916991E-08,2.207848382587E-05,-3.99845660943108E-13,2.48219840352764E-05,0,0,0,0,0,0,package://realbots29/meshes/rear_rader_Link.STL,1,1,1,1,0,0,0,0,0,0,package://realbots29/meshes/rear_rader_Link.STL,,无悬挂四轮四转底盘520x580-1/激光雷达1LDS-50C-R_E-2D-4,rear_radar_link,rear_radar_joint,rear_rader_joint,fixed,0.18993498572234,0.13004930491182,0.236499999999965,0,0,0,base_Link,0,0,0,,,,,,,,,,,,
chassis_camera_Link,0.000219564895553872,-0.000157755319080355,-0.0168833853204454,0,0,0,0.0400621684449446,4.45816703026398E-06,-1.07407717397129E-07,6.291147358359E-07,4.68910331800886E-05,1.61398181525946E-08,4.88171749405537E-05,0,0,0,0,0,0,package://realbots29/meshes/chassis_camera_Link.STL,0.792156862745098,0.819607843137255,0.933333333333333,1,0,0,0,0,0,0,package://realbots29/meshes/chassis_camera_Link.STL,,无悬挂四轮四转底盘520x580-1/Gemini 335Lg Asm with FOV_20240826-1,chassis_camera_link,chassis_camera_joint,chassis_camera_joint,fixed,-0.00161134683533547,-0.366950691997458,0.0997528279637739,1.57079632679493,0,0,base_Link,0,0,0,,,,,,,,,,,,
chassis_right_camera_Link,0.0461232042347157,-0.000154927355291989,-0.0167833853204455,0,0,0,0.0400621684449446,4.45816703026398E-06,-1.07407717397129E-07,6.291147358359E-07,4.68910331800886E-05,1.61398181525984E-08,4.88171749405536E-05,0,0,0,0,0,0,package://realbots29/meshes/chassis_right_camera_Link.STL,0.792156862745098,0.819607843137255,0.933333333333333,1,0,0,0,0,0,0,package://realbots29/meshes/chassis_right_camera_Link.STL,,无悬挂四轮四转底盘520x580-1/Gemini 335Lg Asm with FOV_20240826-1,chassis_right_camera_link,chassis_right_camera_joint,chassis_right_camera_joint,fixed,-0.0459036393391619,0,-9.9999999999878E-05,0,0,0,chassis_camera_Link,0,0,0,,,,,,,,,,,,
chassis_speckle_camera_Link,-0.00137679576528426,-0.0001549273552921,-0.0167833853204453,0,0,0,0.0400621684449446,4.45816703026398E-06,-1.07407717397129E-07,6.29114735835901E-07,4.68910331800886E-05,1.61398181525984E-08,4.88171749405536E-05,0,0,0,0,0,0,package://realbots29/meshes/chassis_speckle_camera_Link.STL,0.792156862745098,0.819607843137255,0.933333333333333,1,0,0,0,0,0,0,package://realbots29/meshes/chassis_speckle_camera_Link.STL,,无悬挂四轮四转底盘520x580-1/Gemini 335Lg Asm with FOV_20240826-1,chassis_speckle_camera_link,chassis_speckle_camera_joint,chassis_speckle_camera_joint,fixed,0.00159636066083813,0,-9.9999999999989E-05,0,0,0,chassis_camera_Link,0,0,0,,,,,,,,,,,,
chassis_rgb_camera_Link,-0.0251267957652843,-0.000154927355292211,-0.0167833853204453,0,0,0,0.0400621684449446,4.45816703026398E-06,-1.07407717397129E-07,6.291147358359E-07,4.68910331800886E-05,1.61398181525983E-08,4.88171749405536E-05,0,0,0,0,0,0,package://realbots29/meshes/chassis_rgb_camera_Link.STL,0.792156862745098,0.819607843137255,0.933333333333333,1,0,0,0,0,0,0,package://realbots29/meshes/chassis_rgb_camera_Link.STL,,无悬挂四轮四转底盘520x580-1/Gemini 335Lg Asm with FOV_20240826-1,chassis_rgb_camera_link,chassis_rgb_camera_joint,chassis_rgb_camera_joint,fixed,0.0253463606608381,0,-9.9999999999989E-05,0,0,0,chassis_camera_Link,0,0,0,,,,,,,,,,,,
chassis_left_camera_Link,-0.0488767957652843,-0.000154927355291989,-0.0167833853204453,0,0,0,0.0400621684449446,4.45816703026398E-06,-1.07407717397129E-07,6.291147358359E-07,4.68910331800886E-05,1.61398181525983E-08,4.88171749405536E-05,0,0,0,0,0,0,package://realbots29/meshes/chassis_left_camera_Link.STL,0.792156862745098,0.819607843137255,0.933333333333333,1,0,0,0,0,0,0,package://realbots29/meshes/chassis_left_camera_Link.STL,,无悬挂四轮四转底盘520x580-1/Gemini 335Lg Asm with FOV_20240826-1,chassis_left_camera_link,chassis_left_camera_joint,chassis_left_camera_joint,fixed,0.0490963606608381,0,-9.9999999999989E-05,0,0,0,chassis_camera_Link,0,0,0,,,,,,,,,,,,
waist_1_Link,-0.112163998761623,3.09516920415419E-05,-0.0748947337204669,0,0,0,6.62950528009186,0.0110586700447959,-1.24422437562022E-05,8.2367763375825E-06,0.123841721693749,2.27872200401603E-07,0.132036306940827,0,0,0,0,0,0,package://realbots29/meshes/waist_1_Link.STL,0.529411764705882,0.549019607843137,0.549019607843137,1,0,0,0,0,0,0,package://realbots29/meshes/waist_1_Link.STL,,上身-腿部-1/deep groove ball bearings gb_Rolling bearings 61819 GB 276-94-2;上身-腿部-1/OCHIAI RTW-110-2;上身-腿部-1/OCHIAI WR-95-2;上身-腿部-1/0403小腿右-1;上身-腿部-1/0403小腿左-1;上身-腿部-1/whg120-20260122.step_.STEP-3,waist_1_link,waist_1_joint,waist_1_joint,revolute,-0.0808149861744692,0.135049308002545,0.265999999999999,3.14159265358979,1.5707963267949,0,base_Link,0,0,-1,0,0,-1.57,0,,,,,,,,
waist_2_Link,-0.0894586937766009,-5.2562325697836E-05,-0.0638244292795544,0,0,0,6.10974477500097,0.0111195949603478,-1.16309676438018E-05,9.34466423340549E-05,0.0450481104251166,8.19502245150861E-07,0.055293258424245,0,0,0,0,0,0,package://realbots29/meshes/waist_2_Link.STL,0.898039215686275,0.917647058823529,0.929411764705882,1,0,0,0,0,0,0,package://realbots29/meshes/waist_2_Link.STL,,上身-腿部-1/0403大腿右-1;上身-腿部-1/0403大腿左-1;上身-腿部-1/0403小腿外壳-1;上身-腿部-1/0403小腿外壳-2;上身-腿部-1/OCHIAI RTW-110-1;上身-腿部-1/OCHIAI WR-95-1;上身-腿部-1/deep groove ball bearings gb_Rolling bearings 61819 GB 276-94-4;上身-腿部-1/OCHIAI RTW-110-4;上身-腿部-1/OCHIAI WR-95-4;上身-腿部-1/whg120-20260122.step_.STEP-2,waist_2_link,waist_2_joint,waist_2_joint,revolute,-0.383999999999746,0,-0.00739999999945049,0,0,0,waist_1_Link,0,0,-1,0,0,-1.57,2.62,,,,,,,,
waist_3_Link,-0.00463251136546727,-0.000351530597140188,-0.0619354461739658,0,0,0,4.29040379636651,0.00961707167989926,3.47872421101607E-05,-0.000102763959005179,0.0105697401233272,-2.17418125721781E-06,0.0153381961684819,0,0,0,0,0,0,package://realbots29/meshes/waist_3_Link.STL,0.898039215686275,0.917647058823529,0.929411764705882,1,0,0,0,0,0,0,package://realbots29/meshes/waist_3_Link.STL,,上身-腿部-1/腰部结构-1;上身-腿部-1/whg120-20260122.step_.STEP-1,waist_3_link,waist_3_joint,waist_3_joint,revolute,-0.277703994726074,0,0.00239999999944815,0,0,0,waist_2_Link,0,0,-1,0,0,-1.57,0,,,,,,,,
chest_Link,-6.67508820693221E-05,-0.000888835501962333,-0.133498445246459,0,0,0,7.3823724852051,0.0565072132871974,-3.26636632573768E-07,3.72917257332565E-05,0.071131988475979,6.54795760209526E-05,0.0268727810154434,0,0,0,0,0,0,package://realbots29/meshes/chest_Link.STL,0.752941176470588,0.752941176470588,0.752941176470588,1,0,0,0,0,0,0,package://realbots29/meshes/chest_Link.STL,,上身-胸部-1,chest_link,chest_joint,chest_joint,revolute,-0.12379600527418,0,-0.0754999999999934,0,1.5707963267949,0,waist_3_Link,0,0,-1,0,0,-1.57,1.57,,,,,,,,
neck_Link,-0.00198358981138413,-3.53506444638937E-05,0.0865413064451164,0,0,0,0.315384731610569,0.000337261728045741,1.05035306257005E-09,9.63062163273368E-06,0.000295513588339264,3.47427158479506E-09,0.000122616338286135,0,0,0,0,0,0,package://realbots29/meshes/neck_Link.STL,0.792156862745098,0.819607843137255,0.933333333333333,1,0,0,0,0,0,0,package://realbots29/meshes/neck_Link.STL,,上身-头部-1/头部结构件2-1;上身-头部-1/头部结构件-1;上身-头部-1/10关节-2,neck_link,neck_joint,neck_Link,revolute,1.48688247841477E-05,-0.0100358965184496,-0.364,3.14159265358979,0,0,chest_Link,0,0,-1,0,0,-1.57,1.57,,,,,,,,
head_Link,-0.0316308800745438,-0.0201163910709366,-0.0262089109234053,0,0,0,6.25801420197803,0.0145027216672559,-0.00318939729565846,1.17015951276295E-08,0.0183783760377612,1.59186112010851E-05,0.0175391291385689,0,0,0,0,0,0,package://realbots29/meshes/head_Link.STL,0.647058823529412,0.619607843137255,0.588235294117647,1,0,0,0,0,0,0,package://realbots29/meshes/head_Link.STL,,上身-头部-1/头部10关节支架-1;上身-头部-1/0424头-1,head_link,head_joint,head_joint,revolute,0.0264851311752161,-2.10276936655589E-05,0.13153589651845,0,1.5707963267949,0,neck_Link,0,0,-1,0,0,-0.17,0.17,,,,,,,,
head_camera_Link,0.000365253452993288,1.32341121378277E-05,-0.00839179295464204,0,0,0,0.0230825049326663,2.79434592963155E-06,-2.5026206054929E-09,1.22971692394737E-09,1.45623711338683E-05,-1.1202145422448E-10,1.59686974459062E-05,0,0,0,0,0,0,package://realbots29/meshes/head_camera_Link.STL,1,1,1,1,0,0,0,0,0,0,package://realbots29/meshes/head_camera_Link.STL,,上身-头部-1/S56-3D-1,head_camera_link,head_camera_joint,head_camera_joint,fixed,-0.0170073681953132,-0.0654102927525515,-0.0265092183336943,0,-1.57079545154985,2.30288372341022,head_Link,0,0,0,,,,,,,,,,,,
head_camera_Link1,-0.0296356279267107,3.85038040603969E-05,-0.0175849458605222,0,0,0,0.0230825049326663,2.79434592963155E-06,-2.50262060549281E-09,1.22971692394744E-09,1.45623711338683E-05,-1.1202145422448E-10,1.59686974459062E-05,0,0,0,0,0,0,package://realbots29/meshes/head_camera_Link1.STL,1,1,1,1,0,0,0,0,0,0,package://realbots29/meshes/head_camera_Link1.STL,,上身-头部-1/S56-3D-1,head_camera_link1,head_camera_joint1,head_camera_joint1,fixed,0.030000881379704,-2.52696919224027E-05,0.00919315290587996,0,0,0,head_camera_Link,0,0,0,,,,,,,,,,,,
head_camera_Link2,0.0303609925956365,1.7813231273367E-06,-0.0175809458605222,0,0,0,0.0230825049326663,2.79434592963155E-06,-2.50262060549303E-09,1.22971692394752E-09,1.45623711338683E-05,-1.12021454224903E-10,1.59686974459062E-05,0,0,0,0,0,0,package://realbots29/meshes/head_camera_Link2.STL,1,1,1,1,0,0,0,0,0,0,package://realbots29/meshes/head_camera_Link2.STL,,上身-头部-1/S56-3D-1,head_camera_link2,head_camera_joint2,head_camera_joint2,fixed,-0.0299957391426432,1.14527890106575E-05,0.00918915290588002,0,0,0,head_camera_Link,0,0,0,,,,,,,,,,,,
right_head_camera_Link,-0.000144444361884266,-5.91014569918391E-05,-0.0189121827897489,0,0,0,0.107684776542734,1.04741775306772E-05,3.88485213042487E-08,2.18475773411992E-07,1.0482074389585E-05,8.75998188986727E-08,9.75396871158967E-06,0,0,0,0,0,0,package://realbots29/meshes/right_head_camera_Link.STL,1,1,1,1,0,0,0,0,0,0,package://realbots29/meshes/right_head_camera_Link.STL,,上身-头部-1/shw5g_20260120132138a733 (1)-2,right_head_camera_link,right_head_camera_joint,right_head_camera_joint,fixed,-0.0330520314158379,0.00750085082489535,-0.0855401331383327,-3.14159265358979,-0.818916654945453,0.287216237345023,head_Link,0,0,0,,,,,,,,,,,,
left_head_camera_Link,0.000147122186897053,-5.14444401253922E-05,-0.018912090727024,0,0,0,0.10768589591519,1.04386890045708E-05,7.83474356803563E-10,-2.21891383109498E-07,1.0517302297787E-05,7.92099978542184E-08,9.75350758767799E-06,0,0,0,0,0,0,package://realbots29/meshes/left_head_camera_Link.STL,1,1,1,1,0,0,0,0,0,0,package://realbots29/meshes/left_head_camera_Link.STL,,上身-头部-1/shw5g_20260120132138a733 (1)-1,left_head_camera_link,left_head_camera_joint,left_head_camera_joint,fixed,-0.0330520606878958,0.00750162709080108,0.0325213583636825,0,-0.818917169802546,-2.85437437267398,head_Link,0,0,0,,,,,,,,,,,,
right_arm_1_Link,0.000120591394055902,0.00377888321553915,-0.0389593852119257,0,0,0,0.573647924649606,0.00121158572175109,2.70621316464498E-06,3.66291593440465E-06,0.00132340312319395,9.39525165200714E-05,0.000666738222015525,0,0,0,0,0,0,package://realbots29/meshes/right_arm_1_Link.STL,0.898039215686275,0.917647058823529,0.929411764705882,1,0,0,0,0,0,0,package://realbots29/meshes/right_arm_1_Link.STL,,右臂-urdf-1/连杆1-1-1,right_arm_1_link,right_arm_1_joint,right_arm_1_joint,revolute,-0.1975,0,-0.2975,3.14159265358979,1.5707963267949,0,chest_Link,0,0,1,0,0,-3.05,3.05,,,,,,,,
right_arm_2_Link,0.000624248231195168,-0.0737709969220331,0.00429674013665208,0,0,0,2.37251274205793,0.00938446423414956,-1.20652635143033E-05,-1.07083590741597E-05,0.00271070738099595,0.00116386861210701,0.00863027986448708,0,0,0,0,0,0,package://realbots29/meshes/right_arm_2_Link.STL,0.898039215686275,0.917647058823529,0.929411764705882,1,0,0,0,0,0,0,package://realbots29/meshes/right_arm_2_Link.STL,,右臂-urdf-1/R2-1;右臂-urdf-1/R2-1-1,right_arm_2_link,right_arm_2_joint,right_arm_2_joint,revolute,0,0,0,1.5707963267949,-1.5707963267949,0,right_arm_1_Link,0,0,1,0,0,-0.26,3.05,,,,,,,,
right_arm_3_Link,-1.05141928871383E-06,-0.00172038684373854,-0.0407020267636179,0,0,0,1.63593073969523,0.00384603673544223,3.78819759732484E-09,-1.41391321145374E-09,0.0038711467096466,-0.000144918327683814,0.00104684673798558,0,0,0,0,0,0,package://realbots29/meshes/right_arm_3_Link.STL,0.898039215686275,0.917647058823529,0.929411764705882,1,0,0,0,0,0,0,package://realbots29/meshes/right_arm_3_Link.STL,,右臂-urdf-1/R3-1,right_arm_3_link,right_arm_3_joint,right_arm_3_joint,revolute,0,-0.291999999999941,0,1.57079632679523,1.5707963267949,0,right_arm_2_Link,0,0,-1,0,0,-3.05,3.05,,,,,,,,
right_arm_4_Link,-4.59844261067226E-07,0.0670956859646233,0.00366950588609358,0,0,0,1.42339486419965,0.00317639823084213,-1.29504647414444E-08,-3.92264879364251E-09,0.00118528782225181,-0.000301601189119656,0.00282282054482124,0,0,0,0,0,0,package://realbots29/meshes/right_arm_4_Link.STL,0.898039215686275,0.917647058823529,0.929411764705882,1,0,0,0,0,0,0,package://realbots29/meshes/right_arm_4_Link.STL,,右臂-urdf-1/R4-1;右臂-urdf-1/R2-2-1,right_arm_4_link,right_arm_4_joint,right_arm_4_joint,revolute,0,0,0,1.5707963267949,0,0,right_arm_3_Link,0,0,1,0,0,-1.83,1.83,,,,,,,,
right_arm_5_Link,0.000533332369147488,-0.00216768444988033,-0.0927721598894081,0,0,0,1.0052385609769,0.000918506638192363,-1.25586907565884E-07,-8.38758355649187E-06,0.00104063777639191,-1.74437017523334E-07,0.000575324473886643,0,0,0,0,0,0,package://realbots29/meshes/right_arm_5_Link.STL,0.898039215686275,0.917647058823529,0.929411764705882,1,0,0,0,0,0,0,package://realbots29/meshes/right_arm_5_Link.STL,,右臂-urdf-1/R5-1;右臂-urdf-1/R6-2-1;右臂-urdf-1/固定板1-1;右臂-urdf-1/R6-1-1,right_arm_5_link,right_arm_5_joint,right_arm_5_joint,revolute,0,0.294000000000003,0,1.5707963267949,1.5707963267949,0,right_arm_4_Link,0,0,1,0,0,-2.97,2.97,,,,,,,,
right_arm_6_Link,-4.92594504075683E-09,-0.00822915494516471,0.000292621672292689,0,0,0,0.518052610280782,0.00024987093380414,5.17021078492024E-11,-3.97954871105914E-10,0.000232724690484706,1.28149834244162E-06,0.000240854839219164,0,0,0,0,0,0,package://realbots29/meshes/right_arm_6_Link.STL,0.898039215686275,0.917647058823529,0.929411764705882,1,0,0,0,0,0,0,package://realbots29/meshes/right_arm_6_Link.STL,,右臂-urdf-1/R6-1,right_arm_6_link,right_arm_6_joint,right_arm_6_joint,revolute,0,0,0,1.5707963267949,1.5707963267949,0,right_arm_5_Link,0,0,1,0,0,-0.35,1.13,,,,,,,,
right_arm_7_Link,1.65877348693728E-06,0.0221180979824439,-0.0253131810931894,0,0,0,0.267138179410359,0.000308081592225492,1.86263947731764E-09,6.96383092185923E-09,0.000143441115527371,8.7913801063463E-05,0.000282304102982473,0,0,0,0,0,0,package://realbots29/meshes/right_arm_7_Link.STL,0.898039215686275,0.917647058823529,0.929411764705882,1,0,0,0,0,0,0,package://realbots29/meshes/right_arm_7_Link.STL,,右臂-urdf-1/R7-1;右臂-urdf-1/R7-1-1,right_arm_7_link,right_arm_7_joint,right_arm_7_joint,revolute,0,0,0,1.5707963267949,-1.5707963267949,0,right_arm_6_Link,0,0,1,0,0,-1.57,1.75,,,,,,,,
right_arm_8_Link,0.000101622458643269,1.05648236394806E-05,-0.0165709372102082,0,0,0,0.161471175200819,6.6750202760247E-05,3.79551257942697E-08,-2.7382925284439E-07,6.73077820334544E-05,2.72531853433698E-08,8.46077818711249E-05,0,0,0,0,0,0,package://realbots29/meshes/right_arm_8_Link.STL,0.898039215686275,0.917647058823529,0.929411764705882,1,0,0,0,0,0,0,package://realbots29/meshes/right_arm_8_Link.STL,,右臂-urdf-1/末端-1,right_arm_8_link,right_arm_8_joint,right_arm_8_joint,fixed,0,0.104999999999995,0,-1.5707963267949,0,0,right_arm_7_Link,0,0,0,,,,,,,,,,,,
right_camera_Link,0.00693713950950658,-0.0166657824807137,-0.0274764649332448,0,0,0,0.865177866847211,0.000309713588374178,-3.12556253734763E-05,1.85964635556567E-05,0.000903890731617739,-4.03618928035104E-05,0.00111642525138159,0,0,0,0,0,0,package://realbots29/meshes/right_camera_Link.STL,0.792156862745098,0.819607843137255,0.933333333333333,1,0,0,0,0,0,0,package://realbots29/meshes/right_camera_Link.STL,,335LG+90D装配-1/335LG+90D装配.STEP-1/335LG+90D相机支架.STEP-1;335LG+90D装配-1/335LG+90D装配.STEP-1/335LG+90D相机后盖.STEP-1;335LG+90D装配-1/335LG+90D装配.STEP-1/335LG+90D相机外壳.STEP-1;335LG+90D装配-1/335LG+90D装配.STEP-1/[3D][STP]Gemini 335Lg Asm with FOV_20240826.STEP-1,right_camera_link,right_camera_joint,right_camera_joint,fixed,0.0972513214465659,0.0255889680232187,0.0531673177613775,0.436332351985314,0,-1.57079632679478,right_arm_8_Link,0,0,0,,,,,,,,,,,,
right_binocular_right_camera_Link,0.0461301225248096,-0.000141811915392254,-0.0167877191124006,0,0,0,0.312696166466156,3.47675586612373E-05,-8.44091553449692E-07,4.91420513154962E-06,0.000365688434072974,1.27022912648579E-07,0.000380710546432609,0,0,0,0,0,0,package://realbots29/meshes/right_binocular_right_camera_Link.STL,0.792156862745098,0.819607843137255,0.933333333333333,1,0,0,0,0,0,0,package://realbots29/meshes/right_binocular_right_camera_Link.STL,,335LG+90D装配-1/335LG+90D装配.STEP-1/[3D][STP]Gemini 335Lg Asm with FOV_20240826.STEP-1,right_binocular_right_camera_link,head_camera_joint1,right_binocular_right_camera_joint,fixed,-0.0459054299802165,0,-0.0001000000000001,0,0,0,right_camera_Link,0,0,0,,,,,,,,,,,,
right_speckle_camera_Link,0.00210791459595969,-0.00885352491360558,-0.0361202007962085,0,0,0,0.309285796654322,0.000106753296025718,-2.93863538824019E-05,1.38300688634003E-05,0.000383722176513323,7.35585367110273E-06,0.000449717568591458,0,0,0,0,0,0,package://realbots29/meshes/right_speckle_camera_Link.STL,0.792156862745098,0.819607843137255,0.933333333333333,1,0,0,0,0,0,0,package://realbots29/meshes/right_speckle_camera_Link.STL,,335LG+90D装配-1/335LG+90D装配.STEP-1/335LG+90D相机外壳.STEP-1,right_speckle_camera_link,right_speckle_camera_joint,right_speckle_camera_joint,fixed,0.00159547181944711,0,-0.0001000000000001,0,0,0,right_camera_Link,0,0,0,,,,,,,,,,,,
right_rgb_camera_Link,-0.0251208160089096,-0.000141746268469523,-0.0167877191124006,0,0,0,0.312696166466156,3.47675586612373E-05,-8.44091553449693E-07,4.91420513154962E-06,0.000365688434072974,1.27022912648565E-07,0.000380710546432609,0,0,0,0,0,0,package://realbots29/meshes/right_rgb_camera_Link.STL,0.792156862745098,0.819607843137255,0.933333333333333,1,0,0,0,0,0,0,package://realbots29/meshes/right_rgb_camera_Link.STL,,335LG+90D装配-1/335LG+90D装配.STEP-1/[3D][STP]Gemini 335Lg Asm with FOV_20240826.STEP-1,right_rgb_camera_link,right_rgb_camera_joint,right_rgb_camera_joint,fixed,0.0253455085535028,0,-0.0001000000000001,0,0,0,right_camera_Link,0,0,0,,,,,,,,,,,,
right_binocular_left_camera_Link,-0.0488698774751904,-0.000141811915372825,-0.0167877191124006,0,0,0,0.312696166466156,3.47675586612373E-05,-8.44091553449697E-07,4.91420513154962E-06,0.000365688434072975,1.27022912648593E-07,0.000380710546432609,0,0,0,0,0,0,package://realbots29/meshes/right_binocular_left_camera_Link.STL,0.792156862745098,0.819607843137255,0.933333333333333,1,0,0,0,0,0,0,package://realbots29/meshes/right_binocular_left_camera_Link.STL,,335LG+90D装配-1/335LG+90D装配.STEP-1/[3D][STP]Gemini 335Lg Asm with FOV_20240826.STEP-1,right_binocular_left_camera_link,right_binocular_left_camera_joint,right_binocular_left_camera_joint,fixed,0.0490945700197835,0,-0.000100000000000044,0,0,0,right_camera_Link,0,0,0,,,,,,,,,,,,
right_gripper_base_Link,0.00055844086809162,-4.2825746600958E-06,0.0638613435237048,0,0,0,2.37575719137505,0.00200868750109207,1.13383893935105E-09,-1.02904831266707E-05,0.00233951151606126,-1.13715825359624E-07,0.00133378330938054,0,0,0,0,0,0,package://realbots29/meshes/right_gripper_base_Link.STL,0.529411764705882,0.549019607843137,0.549019607843137,1,0,0,0,0,0,0,package://realbots29/meshes/right_gripper_base_Link.STL,,right_知行夹爪90D-1/base-link-right-1/R-rtool-base-link-1;right_知行夹爪90D-1/base-link-right-1/R-ctag2f90d 90d两指协作手-20250704外发-1;right_知行夹爪90D-1/rmu01031 v1.0.1 末端转接件5 ctag2f120s-right-1,right_gripper_base_link,right_gripper_base_joint,right_gripper_base_joint,fixed,0,0,0.00299999999999989,0,0,-1.5707963267949,right_arm_8_Link,0,0,0,,,,,,,,,,,,
right_gripper_l_Link1,0.0223803359828565,-0.0207246703999993,-3.87580999849862E-14,0,0,0,0.0396361366488177,4.42804308677778E-06,-4.16223992498149E-06,5.05726815057855E-16,5.07075484071362E-06,-7.50112969101657E-16,9.02028585663474E-06,0,0,0,0,0,0,package://realbots29/meshes/right_gripper_l_Link1.STL,0.529411764705882,0.549019607843137,0.549019607843137,1,0,0,0,0,0,0,package://realbots29/meshes/right_gripper_l_Link1.STL,,right_知行夹爪90D-1/l_link1-right-1/L-输入2012-1;right_知行夹爪90D-1/l_link1-right-1/L-输入20112-2;right_知行夹爪90D-1/l_link1-right-1/L-输入201123-3;right_知行夹爪90D-1/l_link1-right-1/L-输入20123-4;right_知行夹爪90D-1/l_link1-right-1/L-输入15123-1;right_知行夹爪90D-1/l_link1-right-1/L-输入1532132-2;right_知行夹爪90D-1/l_link1-right-1/L-输入243123-1;right_知行夹爪90D-1/l_link1-right-1/L-输入38123-1;right_知行夹爪90D-1/l_link1-right-1/L-输入38112-2;right_知行夹爪90D-1/l_link1-right-1/L-输入383123-3;right_知行夹爪90D-1/l_link1-right-1/L-输入381233-4;right_知行夹爪90D-1/l_link1-right-1/L-输入92312-1;right_知行夹爪90D-1/l_link1-right-1/L-输入93123-2,right_gripper_l_link1,right_gripper_l_joint1,right_gripper_l_joint1,revolute,0.0301412661165282,0,0.104147022251382,-1.5707963267949,0,0,right_gripper_base_Link,0,0,-1,0,0,-0.78,0,,,,,,,,
right_gripper_l_Link3,-0.017776322205072,-0.0354435704037681,6.99623859938372E-08,0,0,0,0.0819808843097414,1.47581217231455E-05,1.96718821256367E-06,-6.90022538222217E-12,3.98076500394496E-06,-2.53965481182189E-11,1.34358220928367E-05,0,0,0,0,0,0,package://realbots29/meshes/right_gripper_l_Link3.STL,0.529411764705882,0.549019607843137,0.549019607843137,1,0,0,0,0,0,0,package://realbots29/meshes/right_gripper_l_Link3.STL,,right_知行夹爪90D-1/l_link3-right-1/L-输入5643-1;right_知行夹爪90D-1/l_link3-right-1/L-输入56435-2;right_知行夹爪90D-1/l_link3-right-1/L-输入494-1;right_知行夹爪90D-1/l_link3-right-1/L-输入104-1;right_知行夹爪90D-1/l_link3-right-1/L-输入505-1,right_gripper_l_link3,right_gripper_l_joint3,right_gripper_l_joint3,revolute,0.0403586725846632,-0.0373654592788585,0,0,0,0,right_gripper_l_Link1,0,0,-1,0,0,-0.78,0,,,,,,,,
right_gripper_l_Link2,0.0227341412573771,-0.0210500414339082,-7.39699532866847E-15,0,0,0,0.0368986504005059,4.33085585771273E-06,-4.16803377682794E-06,-1.06961214176285E-15,4.97408698236291E-06,-2.0559873399418E-15,9.02106993339881E-06,0,0,0,0,0,0,package://realbots29/meshes/right_gripper_l_Link2.STL,0.529411764705882,0.549019607843137,0.549019607843137,1,0,0,0,0,0,0,package://realbots29/meshes/right_gripper_l_Link2.STL,,right_知行夹爪90D-1/l_link2-right-1/L-输入20444-1;right_知行夹爪90D-1/l_link2-right-1/L-输入2043-2;right_知行夹爪90D-1/l_link2-right-1/L-输入1543-1;right_知行夹爪90D-1/l_link2-right-1/L-输入2443-1;right_知行夹爪90D-1/l_link2-right-1/L-输入3843-1;right_知行夹爪90D-1/l_link2-right-1/L-输入38334-2;right_知行夹爪90D-1/l_link2-right-1/L-输入53-1;right_知行夹爪90D-1/l_link2-right-1/L-输入54-2,right_gripper_l_link2,right_gripper_l_joint2,right_gripper_l_joint2,revolute,0.0159999387034243,0,0.121,-1.5707963267949,0,0,right_gripper_base_Link,0,0,-1,0,0,-0.78,0,,,,,,,,
right_gripper_r_Link1,-0.0223803359832875,-0.0207246703997195,-8.3952220062123E-15,0,0,0,0.0396361366488174,4.42804308684273E-06,4.1622399275484E-06,1.74187314873544E-15,5.07075484027885E-06,-7.20867162654852E-16,9.02028585116744E-06,0,0,0,0,0,0,package://realbots29/meshes/right_gripper_r_Link1.STL,0.529411764705882,0.549019607843137,0.549019607843137,1,0,0,0,0,0,0,package://realbots29/meshes/right_gripper_r_Link1.STL,,right_知行夹爪90D-1/r_link1-right-1/R-输入20-1;right_知行夹爪90D-1/r_link1-right-1/L-输入201-2;right_知行夹爪90D-1/r_link1-right-1/L-输入202-3;right_知行夹爪90D-1/r_link1-right-1/L-输入203-4;right_知行夹爪90D-1/r_link1-right-1/L-输入151-1;right_知行夹爪90D-1/r_link1-right-1/L-输入152-2;right_知行夹爪90D-1/r_link1-right-1/L-输入243-1;right_知行夹爪90D-1/r_link1-right-1/L-输入382-1;right_知行夹爪90D-1/r_link1-right-1/L-输入381-2;right_知行夹爪90D-1/r_link1-right-1/L-输入3833-3;right_知行夹爪90D-1/r_link1-right-1/L-输入384-4;right_知行夹爪90D-1/r_link1-right-1/L-输入91-1;right_知行夹爪90D-1/r_link1-right-1/L-输入92-2,right_gripper_r_link1,right_gripper_r_joint1,right_gripper_r_joint1,revolute,-0.0301413887096794,0,0.104147022251382,-1.5707963267949,0,0,right_gripper_base_Link,0,0,-1,0,0,-0.78,0,,,,,,,,
right_gripper_r_Link3,0.017776322184079,-0.0354435703423773,-6.99464949681378E-08,0,0,0,0.0819808840808663,1.47581216691322E-05,-1.96718820924585E-06,-6.89925782188521E-12,3.98076499416228E-06,2.5381567508546E-11,1.34358220481185E-05,0,0,0,0,0,0,package://realbots29/meshes/right_gripper_r_Link3.STL,0.529411764705882,0.549019607843137,0.549019607843137,1,0,0,0,0,0,0,package://realbots29/meshes/right_gripper_r_Link3.STL,,right_知行夹爪90D-1/r_link3-right-1/L-输入561-1;right_知行夹爪90D-1/r_link3-right-1/L-输入5612-2;right_知行夹爪90D-1/r_link3-right-1/L-输入4911-1;right_知行夹爪90D-1/r_link3-right-1/L-输入1012-1;right_知行夹爪90D-1/r_link3-right-1/L-输入501-1,right_gripper_r_link3,right_gripper_r_joint3,right_gripper_r_joint3,revolute,-0.0403586725849104,-0.0373654592787268,0,0,0,0,right_gripper_r_Link1,0,0,-1,0,0,-0.78,0,,,,,,,,
right_gripper_r_Link2,-0.0227341412579459,-0.021050041433763,1.02356027819416E-14,0,0,0,0.0368986504005064,4.3308558631055E-06,4.16803377730699E-06,1.5473632235567E-15,4.97408698891288E-06,1.39339292140163E-15,9.02106993294252E-06,0,0,0,0,0,0,package://realbots29/meshes/right_gripper_r_Link2.STL,0.529411764705882,0.549019607843137,0.549019607843137,1,0,0,0,0,0,0,package://realbots29/meshes/right_gripper_r_Link2.STL,,right_知行夹爪90D-1/r_link2-right-1/L-输入1511-1;right_知行夹爪90D-1/r_link2-right-1/L-输入241-1;right_知行夹爪90D-1/r_link2-right-1/L-输入3811-1;right_知行夹爪90D-1/r_link2-right-1/L-输入3812-2;right_知行夹爪90D-1/r_link2-right-1/L-输入51-1;right_知行夹爪90D-1/r_link2-right-1/L-输入511-2;right_知行夹爪90D-1/r_link2-right-1/L-输入2011-1;right_知行夹爪90D-1/r_link2-right-1/L-输入20111-2,right_gripper_r_link2,right_gripper_r_joint2,right_gripper_r_joint2,revolute,-0.0160000612965757,0,0.121,-1.5707963267949,0,0,right_gripper_base_Link,0,0,-1,0,0,-0.78,0,,,,,,,,
right_arm_9_Link,1.66255897937617E-14,0.0469999999999999,0.00337666716277456,0,0,0,0.0449574285074774,3.5492179920174E-05,1.20228991107839E-17,-4.10735054450039E-22,6.93374582577452E-07,-6.25121716317044E-23,3.58990433682915E-05,0,0,0,0,0,0,package://realbots29/meshes/right_arm_9_Link.STL,0.776470588235294,0.756862745098039,0.737254901960784,1,0,0,0,0,0,0,package://realbots29/meshes/right_arm_9_Link.STL,,右臂-urdf-1/零件3-2;右臂-urdf-1/GE6C-1;右臂-urdf-1/GE6C-2,right_arm_9_link,right_arm_9_joint,right_arm_9_joint,fixed,0,-0.0219999999999792,-0.0379999999998961,0,0,-1.57079632679488,right_arm_6_Link,0,0,0,,,,,,,,,,,,
left_arm_1_Link,-0.000120591394052849,-0.00377888321544329,-0.0389593852119294,0,0,0,0.573647924649606,0.00121158572175109,2.70621316464503E-06,-3.66291593440747E-06,0.00132340312319395,-9.39525165200706E-05,0.000666738222015523,0,0,0,0,0,0,package://realbots29/meshes/left_arm_1_Link.STL,0.898039215686275,0.917647058823529,0.929411764705882,1,0,0,0,0,0,0,package://realbots29/meshes/left_arm_1_Link.STL,,左臂-urdf-1/连杆1-1-1,left_arm_1_link,left_arm_1_joint,left_arm_1_joint,revolute,0.197500000000004,0,-0.297499999999997,0,1.5707963267949,0,chest_Link,0,0,1,0,0,-3.05,3.05,,,,,,,,
left_arm_2_Link,0.000656795401766247,-0.0777031881489421,-0.0027010030410651,0,0,0,2.25251578557808,0.0084801078330559,-5.7091238087089E-06,8.3894824768304E-06,0.0025686922098062,-0.000897375665389726,0.00777168160638063,0,0,0,0,0,0,package://realbots29/meshes/left_arm_2_Link.STL,0.898039215686275,0.917647058823529,0.929411764705882,1,0,0,0,0,0,0,package://realbots29/meshes/left_arm_2_Link.STL,,左臂-urdf-1/L2-1;左臂-urdf-1/L2-2-1,left_arm_2_link,left_arm_2_joint,left_arm_2_joint,revolute,0,0,0,1.5707963267949,-1.5707963267949,0,left_arm_1_Link,0,0,-1,0,0,-0.26,3.05,,,,,,,,
left_arm_3_Link,-9.65793286084698E-07,0.00172024570404675,-0.0407018613036851,0,0,0,1.63593944344322,0.00384603298880421,-1.3543735542689E-08,4.4392814825309E-10,0.00387114812749876,0.000144920818609886,0.00104684053020319,0,0,0,0,0,0,package://realbots29/meshes/left_arm_3_Link.STL,0.898039215686275,0.917647058823529,0.929411764705882,1,0,0,0,0,0,0,package://realbots29/meshes/left_arm_3_Link.STL,,左臂-urdf-1/L3-1,left_arm_3_link,left_arm_3_joint,left_arm_3_joint,revolute,0,-0.291999999999997,0,1.57079632679489,-1.5707963267949,0,left_arm_2_Link,0,0,-1,0,0,-3.05,3.05,,,,,,,,
left_arm_4_Link,-2.91278225710771E-05,0.0671129214971078,0.391330156720013,0,0,0,1.42340455671477,0.00317638465626326,-7.659139561365E-09,1.23971685668714E-08,0.00118527621668335,0.000301620239723041,0.00282281492886125,0,0,0,0,0,0,package://realbots29/meshes/left_arm_4_Link.STL,0.898039215686275,0.917647058823529,0.929411764705882,1,0,0,0,0,0,0,package://realbots29/meshes/left_arm_4_Link.STL,,左臂-urdf-1/L4-1;左臂-urdf-1/R2-2-1,right_arm_4_link,left_arm_4_joint,left_arm_4_joint,revolute,0,0.394999999999901,0,1.57079632679522,0,0,left_arm_3_Link,0,0,-1,0,0,-1.83,1.83,,,,,,,,
left_arm_5_Link,-0.000539726741199453,-0.00216679280332976,-0.0927556222832525,0,0,0,1.00526053236923,0.000918480636482949,1.25482263214387E-07,8.43994861669987E-06,0.00104063704876548,-1.74809687970476E-07,0.000575350407545745,0,0,0,0,0,0,package://realbots29/meshes/left_arm_5_Link.STL,0.898039215686275,0.917647058823529,0.929411764705882,1,0,0,0,0,0,0,package://realbots29/meshes/left_arm_5_Link.STL,,左臂-urdf-1/R5-1;左臂-urdf-1/R6-2-1;左臂-urdf-1/关节6固定板1-左臂-1;左臂-urdf-1/L6-1-1,left_arm_5_link,left_arm_5_joint,left_arm_5_joint,revolute,0,0.294000000000192,0.394999999999842,1.5707963267949,1.5707963267949,0,left_arm_4_Link,0,0,1,0,0,-2.97,2.97,,,,,,,,
left_arm_6_Link,-4.92599955270734E-09,-0.00822915494521825,0.000292621669112796,0,0,0,0.518052610280783,0.00024987093380414,5.17021078673625E-11,-3.9795487117466E-10,0.000232724690484707,1.28149834244168E-06,0.000240854839219164,0,0,0,0,0,0,package://realbots29/meshes/left_arm_6_Link.STL,0.898039215686275,0.917647058823529,0.929411764705882,1,0,0,0,0,0,0,package://realbots29/meshes/left_arm_6_Link.STL,,左臂-urdf-1/R6-1,left_arm_6_link,left_arm_6_joint,left_arm_6_joint,revolute,0,0,0,1.57079632679489,-1.5707963267949,0,left_arm_5_Link,0,0,1,0,0,-1.13,0.35,,,,,,,,
left_arm_7_Link,1.54853114237266E-06,-0.0221182090276751,-0.0253132172680144,0,0,0,0.267139356508501,0.000308082193673499,-2.38186805674065E-09,7.1988287422392E-09,0.000143441325780203,-8.7913405734686E-05,0.000282304664813725,0,0,0,0,0,0,package://realbots29/meshes/left_arm_7_Link.STL,0.898039215686275,0.917647058823529,0.929411764705882,1,0,0,0,0,0,0,package://realbots29/meshes/left_arm_7_Link.STL,,左臂-urdf-1/L7-2;左臂-urdf-1/R7-1-1,left_arm_7_link,left_arm_7_joint,left_arm_7_joint,revolute,0,0,0,1.5707963267949,-1.5707963267949,0,left_arm_6_Link,0,0,1,0,0,-1.75,1.57,,,,,,,,
left_arm_8_Link,0.000102435416426691,1.04707753728339E-05,-0.0165709372102079,0,0,0,0.161471175200816,6.67502027602462E-05,3.79551257942726E-08,-2.73829252844926E-07,6.73077820334536E-05,2.72531853367148E-08,8.46077818711242E-05,0,0,0,0,0,0,package://realbots29/meshes/left_arm_8_Link.STL,0.898039215686275,0.917647058823529,0.929411764705882,1,0,0,0,0,0,0,package://realbots29/meshes/left_arm_8_Link.STL,,左臂-urdf-1/末端-1,left_arm_8_link,left_arm_8_joint,left_arm_8_joint,fixed,0,-0.105000000000012,1.08968104269302E-05,1.57079632679524,0,0,left_arm_7_Link,0,0,0,,,,,,,,,,,,
left_camera_Link,0.00693712868080162,-0.016665779355227,-0.0274764648026932,0,0,0,0.865178114821345,0.000309713601224447,-3.12555761266151E-05,1.85964874990945E-05,0.000903890980628004,-4.03618875930851E-05,0.0011164255077049,0,0,0,0,0,0,package://realbots29/meshes/left_camera_Link.STL,0.792156862745098,0.819607843137255,0.933333333333333,1,0,0,0,0,0,0,package://realbots29/meshes/left_camera_Link.STL,,335LG+90D装配-2/335LG+90D装配.STEP-1/335LG+90D相机支架.STEP-1;335LG+90D装配-2/335LG+90D装配.STEP-1/335LG+90D相机后盖.STEP-1;335LG+90D装配-2/335LG+90D装配.STEP-1/335LG+90D相机外壳.STEP-1;335LG+90D装配-2/335LG+90D装配.STEP-1/[3D][STP]Gemini 335Lg Asm with FOV_20240826.STEP-1,left_camera_link,left_camera_joint,left_camera_joint,fixed,0.0972521344043364,0.0255888739747984,0.0531673177613026,0.436332351985299,0,-1.57079632679478,left_arm_8_Link,0,0,0,,,,,,,,,,,,
left_binocular_right_camera_Link,0.0461300978867104,-0.000141816369339465,-0.0167877271482602,0,0,0,0.312696414440289,3.47675715115058E-05,-8.44042306588789E-07,4.9142290749873E-06,0.00036568868308324,1.27028123073756E-07,0.00038071080275592,0,0,0,0,0,0,package://realbots29/meshes/left_binocular_right_camera_Link.STL,0.792156862745098,0.819607843137255,0.933333333333333,1,0,0,0,0,0,0,package://realbots29/meshes/left_binocular_right_camera_Link.STL,,335LG+90D装配-2/335LG+90D装配.STEP-1/[3D][STP]Gemini 335Lg Asm with FOV_20240826.STEP-1,left_binocular_right_camera_link,left_binocular_right_camera_joint,left_binocular_right_camera_joint,fixed,-0.0459054299802165,0,-0.000100000000000156,0,0,0,left_camera_Link,0,0,0,,,,,,,,,,,,
left_speckle_camera_Link,-0.00137080391295319,-0.000141729529923695,-0.0167877271482601,0,0,0,0.312696414440289,3.47675715115058E-05,-8.44042306588787E-07,4.9142290749873E-06,0.00036568868308324,1.27028123073715E-07,0.00038071080275592,0,0,0,0,0,0,package://realbots29/meshes/left_speckle_camera_Link.STL,0.792156862745098,0.819607843137255,0.933333333333333,1,0,0,0,0,0,0,package://realbots29/meshes/left_speckle_camera_Link.STL,,335LG+90D装配-2/335LG+90D装配.STEP-1/[3D][STP]Gemini 335Lg Asm with FOV_20240826.STEP-1,left_speckle_camera_link,chassis_speckle_camera_joint,left_speckle_camera_joint,fixed,0.00159547181944711,0,-0.000100000000000156,0,0,0,left_camera_Link,0,0,0,,,,,,,,,,,,
left_rgb_camera_Link,-0.0251208406470089,-0.000141750722416789,-0.0167877271482602,0,0,0,0.312696414440289,3.47675715115058E-05,-8.44042306588796E-07,4.9142290749873E-06,0.00036568868308324,1.27028123073742E-07,0.00038071080275592,0,0,0,0,0,0,package://realbots29/meshes/left_rgb_camera_Link.STL,0.792156862745098,0.819607843137255,0.933333333333333,1,0,0,0,0,0,0,package://realbots29/meshes/left_rgb_camera_Link.STL,,335LG+90D装配-2/335LG+90D装配.STEP-1/[3D][STP]Gemini 335Lg Asm with FOV_20240826.STEP-1,left_rgb_camera_link,left_rgb_camera_joint,left_rgb_camera_Link,fixed,0.0253455085535028,0,-0.000100000000000211,0,0,0,left_camera_Link,0,0,0,,,,,,,,,,,,
left_binocular_left_camera_Link,-0.0488699021132895,-0.000141816369320036,-0.0167877271482603,0,0,0,0.312696414440289,3.47675715115058E-05,-8.44042306588785E-07,4.9142290749873E-06,0.00036568868308324,1.27028123073742E-07,0.00038071080275592,0,0,0,0,0,0,package://realbots29/meshes/left_binocular_left_camera_Link.STL,0.792156862745098,0.819607843137255,0.933333333333333,1,0,0,0,0,0,0,package://realbots29/meshes/left_binocular_left_camera_Link.STL,,335LG+90D装配-2/335LG+90D装配.STEP-1/[3D][STP]Gemini 335Lg Asm with FOV_20240826.STEP-1,left_binocular_left_camera_link,left_binocular_left_camera_joint,left_binocular_left_camera_joint,fixed,0.0490945700197835,0,-0.000100000000000211,0,0,0,left_camera_Link,0,0,0,,,,,,,,,,,,
left_gripper_base_Link,0.000645232696574877,-4.98342482341556E-06,0.0727608260277068,0,0,0,2.05487747907721,0.00192541909575752,-1.44023167065911E-09,-1.02906039614277E-05,0.00222826286707637,-1.13723919863579E-07,0.00115000373137979,0,0,0,0,0,0,package://realbots29/meshes/left_gripper_base_Link.STL,0.529411764705882,0.549019607843137,0.549019607843137,1,0,0,0,0,0,0,package://realbots29/meshes/left_gripper_base_Link.STL,,left_知行夹爪90D-1/1base-link-left-1/rtool-base-link-1;left_知行夹爪90D-1/1base-link-left-1/ctag2f90d 90d两指协作手-20250704外发-1,left_gripper_base_link,left_gripper_base_joint,left_gripper_base_joint,fixed,0,0,0.00299999999992695,0,0,-1.5707963267949,left_arm_8_Link,0,0,0,,,,,,,,,,,,
left_gripper_l_Link1,0.0223803359828924,-0.0207246703999564,-2.59262687669412E-14,0,0,0,0.039636136648818,4.42804309122815E-06,-4.16223992528167E-06,-3.05442477622893E-16,5.07075483916212E-06,-1.65384122543778E-15,9.02028585657528E-06,0,0,0,0,0,0,package://realbots29/meshes/left_gripper_l_Link1.STL,0.529411764705882,0.549019607843137,0.549019607843137,1,0,0,0,0,0,0,package://realbots29/meshes/left_gripper_l_Link1.STL,,left_知行夹爪90D-1/1l_link1-left-1/输入20-1;left_知行夹爪90D-1/1l_link1-left-1/输入20-2;left_知行夹爪90D-1/1l_link1-left-1/输入20-3;left_知行夹爪90D-1/1l_link1-left-1/输入20-4;left_知行夹爪90D-1/1l_link1-left-1/输入15-1;left_知行夹爪90D-1/1l_link1-left-1/输入15-2;left_知行夹爪90D-1/1l_link1-left-1/输入24-1;left_知行夹爪90D-1/1l_link1-left-1/输入38-1;left_知行夹爪90D-1/1l_link1-left-1/输入38-2;left_知行夹爪90D-1/1l_link1-left-1/输入38-3;left_知行夹爪90D-1/1l_link1-left-1/输入38-4;left_知行夹爪90D-1/1l_link1-left-1/输入9-1;left_知行夹爪90D-1/1l_link1-left-1/输入9-2,left_gripper_l_link1,left_gripper_l_joint1,left_gripper_l_joint1,revolute,0.0301412661165282,0,0.104147022251382,-1.5707963267949,0,0,left_gripper_base_Link,0,0,-1,0,0,-0.78,0,,,,,,,,
left_gripper_l_Link3,-0.017776322210979,-0.0354435704207003,6.99661940190879E-08,0,0,0,0.081980884370693,1.47581217376585E-05,1.9671882135622E-06,-6.90059008478504E-12,3.98076500572718E-06,-2.54012216700521E-11,1.34358221057221E-05,0,0,0,0,0,0,package://realbots29/meshes/left_gripper_l_Link3.STL,0.529411764705882,0.549019607843137,0.549019607843137,1,0,0,0,0,0,0,package://realbots29/meshes/left_gripper_l_Link3.STL,,left_知行夹爪90D-1/1l_link3-left-1/输入56-1;left_知行夹爪90D-1/1l_link3-left-1/输入56-2;left_知行夹爪90D-1/1l_link3-left-1/输入49-1;left_知行夹爪90D-1/1l_link3-left-1/输入10-1;left_知行夹爪90D-1/1l_link3-left-1/输入50-1,left_gripper_l_link3,left_gripper_l_joint3,left_gripper_l_Link3,revolute,0.0403586725849245,-0.0373654592787069,0,0,0,0,left_gripper_l_Link1,0,0,-1,0,0,-0.78,0,,,,,,,,
left_gripper_l_Link2,0.0227341412573767,-0.0210500414339083,-7.62313670975621E-15,0,0,0,0.036898650400506,4.33085585771272E-06,-4.16803377682793E-06,-1.06961155198307E-15,4.97408698236289E-06,-2.05598732753409E-15,9.02106993339877E-06,0,0,0,0,0,0,package://realbots29/meshes/left_gripper_l_Link2.STL,0.529411764705882,0.549019607843137,0.549019607843137,1,0,0,0,0,0,0,package://realbots29/meshes/left_gripper_l_Link2.STL,,left_知行夹爪90D-1/1l_link2-left-1/输入20-1;left_知行夹爪90D-1/1l_link2-left-1/输入20-2;left_知行夹爪90D-1/1l_link2-left-1/输入15-1;left_知行夹爪90D-1/1l_link2-left-1/输入24-1;left_知行夹爪90D-1/1l_link2-left-1/输入38-1;left_知行夹爪90D-1/1l_link2-left-1/输入38-2;left_知行夹爪90D-1/1l_link2-left-1/输入5-1;left_知行夹爪90D-1/1l_link2-left-1/输入5-2,left_gripper_l_link2,left_gripper_l_joint2,left_gripper_l_joint2,revolute,0.0159999387034243,0,0.121,-1.5707963267949,0,0,left_gripper_base_Link,0,0,-1,0,0,-0.78,0,,,,,,,,
left_gripper_r_Link1,-0.0223803359832219,-0.0207246703997527,-8.60935427405578E-15,0,0,0,0.0396361366488174,4.42804308684795E-06,4.16223992754881E-06,1.74187338764107E-15,5.07075484027363E-06,-7.2086714981105E-16,9.02028585116745E-06,0,0,0,0,0,0,package://realbots29/meshes/left_gripper_r_Link1.STL,0.752941176470588,0.752941176470588,0.752941176470588,1,0,0,0,0,0,0,package://realbots29/meshes/left_gripper_r_Link1.STL,,left_知行夹爪90D-1/1r_link1-left-1;left_知行夹爪90D-1/1r_link1-left-1/输入20-1;left_知行夹爪90D-1/1r_link1-left-1/输入20-2;left_知行夹爪90D-1/1r_link1-left-1/输入20-3;left_知行夹爪90D-1/1r_link1-left-1/输入20-4;left_知行夹爪90D-1/1r_link1-left-1/输入15-1;left_知行夹爪90D-1/1r_link1-left-1/输入15-2;left_知行夹爪90D-1/1r_link1-left-1/输入24-1;left_知行夹爪90D-1/1r_link1-left-1/输入38-1;left_知行夹爪90D-1/1r_link1-left-1/输入38-2;left_知行夹爪90D-1/1r_link1-left-1/输入38-3;left_知行夹爪90D-1/1r_link1-left-1/输入38-4;left_知行夹爪90D-1/1r_link1-left-1/输入9-1;left_知行夹爪90D-1/1r_link1-left-1/输入9-2,left_gripper_r_link1,right_gripper_r_joint1,left_gripper_r_joint1,revolute,-0.0301413887096794,0,0.104147022251382,-1.5707963267949,0,0,left_gripper_base_Link,0,0,-1,0,0,-0.78,0,,,,,,,,
left_gripper_r_Link3,0.0177763221836158,-0.0354435703411669,-6.99462152469846E-08,0,0,0,0.0819808840763548,1.47581216680738E-05,-1.9671882091845E-06,-6.89923476566256E-12,3.9807649939076E-06,2.53812522082991E-11,1.34358220473053E-05,0,0,0,0,0,0,package://realbots29/meshes/left_gripper_r_Link3.STL,0.752941176470588,0.752941176470588,0.752941176470588,1,0,0,0,0,0,0,package://realbots29/meshes/left_gripper_r_Link3.STL,,left_知行夹爪90D-1/1r_link3-left-1;left_知行夹爪90D-1/1r_link3-left-1/输入56-1;left_知行夹爪90D-1/1r_link3-left-1/输入56-2;left_知行夹爪90D-1/1r_link3-left-1/输入49-1;left_知行夹爪90D-1/1r_link3-left-1/输入10-1;left_知行夹爪90D-1/1r_link3-left-1/输入50-1,left_gripper_r_link3,left_gripper_r_joint3,left_gripper_r_joint3,revolute,-0.0403586725848636,-0.0373654592787541,0,0,0,0,left_gripper_r_Link1,0,0,-1,0,0,-0.78,0,,,,,,,,
left_gripper_r_Link2,-0.0227341412579364,-0.0210500414337741,4.54819276799019E-14,0,0,0,0.0368986504005059,4.3308558618621E-06,4.16803377866051E-06,-1.09158001805211E-15,4.97408698574461E-06,1.88464641939525E-15,9.02106993110774E-06,0,0,0,0,0,0,package://realbots29/meshes/left_gripper_r_Link2.STL,0.529411764705882,0.549019607843137,0.549019607843137,1,0,0,0,0,0,0,package://realbots29/meshes/left_gripper_r_Link2.STL,,left_知行夹爪90D-1/1r_link2-left-1/输入20-1;left_知行夹爪90D-1/1r_link2-left-1/输入20-2;left_知行夹爪90D-1/1r_link2-left-1/输入15-1;left_知行夹爪90D-1/1r_link2-left-1/输入24-1;left_知行夹爪90D-1/1r_link2-left-1/输入38-1;left_知行夹爪90D-1/1r_link2-left-1/输入38-2;left_知行夹爪90D-1/1r_link2-left-1/输入5-1;left_知行夹爪90D-1/1r_link2-left-1/输入5-2,left_gripper_r_link2,left_gripper_r_joint2,left_gripper_r_Link2,revolute,-0.0160000612965756,0,0.121,-1.5707963267949,0,0,left_gripper_base_Link,0,0,-1,0,0,-0.78,0,,,,,,,,
left_arm_9_Link,1.52655665885959E-15,0.0518548740509712,-0.00334326843508802,0,0,0,0.0407483226701978,3.54266364014032E-05,1.96196618677385E-21,1.60615577982705E-19,6.27831063806709E-07,-1.30026652120041E-19,3.57825672498633E-05,0,0,0,0,0,0,package://realbots29/meshes/left_arm_9_Link.STL,0.776470588235294,0.756862745098039,0.737254901960784,1,0,0,0,0,0,0,package://realbots29/meshes/left_arm_9_Link.STL,,左臂-urdf-1/零件3-1;左臂-urdf-1/GE6C-1,left_arm_9_link,left_arm_9_joint,left_arm_9_joint,fixed,0,-0.0220000000000003,-0.0381999999998773,3.14159265358979,0,-1.5707963267949,left_arm_6_Link,0,0,1,,,,,,,,,,,,
